Name,Website,Location,Tuition,Acceptance Rate,Student-Faculty Ratio,Description
Adelphi University,https://www.collegexpress.com/college/adelphi-university/1100006/details/,"Garden City, NY","$39,820",74%,12:1,"Adelphi University, founded in 1896, is a private, coeducational institution. It is known for being a dotoral research university, with focus on the 'Core Four' areas of learning: arts and humanities; STEM and social sciences; business and education professions; and health and wellness. Its main 75-acre campus is in Garden City on Long Island, just 23 miles from New York City."
Albany College of Pharmacy and Health Sciences,https://www.collegexpress.com/college/albany-college-of-pharmacy-and-health-sciences/1100007/details/,"Albany, NY","$36,120",75%,8:1,"Established in 1881, Albany College of Pharmacy and Health Sciences is a private independent specialized health care institution with campuses in Albany, New York, and Colchester, Vermont."
Alfred State College,https://www.collegexpress.com/college/alfred-state-college/3000097/details/,"Alfred, NY","$7,070",71%,18:1,"SUNY College of Technology at Alfred, or Alfred State College, was founded as a school of agriculture in 1908, and was incorporated into the SUNY system in 1948. Today, the college offers a wide variety of majors, from welding to buisness, and focuses on hands-on instruction. Its 150-acre campus is located in Alfred, 75 miles south of Rochester, with a branch campus in Wellsville."
Alfred University,https://www.collegexpress.com/college/alfred-university/1100014/details/,"Alfred, NY","$33,760",64%,11:1,"Alfred University is a private, coeducational institution. Its 600-acre campus is located in Alfred, 75 miles south of Rochester."
Alliance University,https://www.collegexpress.com/college/alliance-university/2800143/details/,"New York, NY","$25,000",97%,12:1,"Alliance University, founded in 1882, is a private, Christian liberal arts college located in lower Manhattan."
AMDA New York,https://www.collegexpress.com/college/amda-new-york/3302606/details/,"New York, NY","$41,660",44%,,"The American Musical and Dramatic Academy, founded in 1964, is a private two-year institution. Its campus is located in New York, NY."
American Academy of Dramatic Arts,https://www.collegexpress.com/college/american-academy-of-dramatic-arts/3301905/details/,"New York, NY","$36,480",57%,,"American Academy of Dramatic Arts, founded in 1884, is a private specialized two-year institution. Its campus is located in New York, NY with a branch campus in Los Angeles."
Apex Technical School,https://www.collegexpress.com/college/apex-technical-school/3101001/details/,"Long Island City, NY",,,13:1,"Apex Technical School prepares students for career opportunities utilizing hands on technical training. The school has a rich tradition of service to New Yorkers since 1961 as a private school, licensed by the State of New York Education Department and accredited by the Accrediting Commission of Career Schools and Colleges."
ASA College,https://www.collegexpress.com/college/asa-college/3100996/details/,"Brooklyn, NY","$11,880",,,"ASA College is a private, coeducational institution. Its campus is located in Brooklyn, NY."
Atlantic Acting School,https://www.collegexpress.com/college/atlantic-acting-school/5001345/details/,"New York, NY","$17,000",,,Atlantic Acting School is a specialized institution. Its campus is located in New York.
Bard College,https://www.collegexpress.com/college/bard-college/1100165/details/,"Annandale-on-Hudson, NY","$55,566",56%,10:1,"Bard College, founded in 1860, is a private, liberal arts college. Its 1,000-acre campus is located in Annandale-on-Hudson, 90 miles north of New York City."
Barnard College,https://www.collegexpress.com/college/barnard-college/1100168/details/,"New York, NY","$55,781",13%,9:1,"Barnard College, founded in 1889, is a private, liberal arts college for women affiliated with Columbia University. Its four-acre campus is located in the Upper West Side of Manhattan."
"Baruch College, CUNY",https://www.collegexpress.com/college/baruch-college-cuny/1100930/details/,"New York, NY","$6,930",40%,19:1,"Founded in 1847, Bernard M. Baruch College of the City University of New York traces it roots to Free Academy. It is a public college located in the center of New York City's central business district."
Berk Trade and Business School,https://www.collegexpress.com/college/berk-trade-and-business-school/3101002/details/,"Long Island City, NY",,,20:1,"Berk Trade and Business School, founded in 1940, is a private, coeducational, technical/professional school. Its campus is located in Long Island City, New York."
Berkeley College—New York,https://www.collegexpress.com/college/berkeley-college-new-york/3000461/details/,"New York, NY","$25,300",,21:1,"Founded 1931, Berkeley College is a private coed institution. The main campus is located in mid-town Manhattan with additional locations in Brooklyn and White Plains, New York.  Programs also are available online."
Binghamton University,https://www.collegexpress.com/college/binghamton-university/1100131/details/,"Binghamton, NY","$7,070",43%,19:1,"Binghamton University, founded in 1946, is a medium-sized, comprehensive, doctoral-granting university. Its 930-acre campus is located in Binghamton, NY, just three hours from New York City and Philadelphia, PA."
Boricua College,https://www.collegexpress.com/college/boricua-college/1100192/details/,"New York, NY","$11,000",,,"Boricua College, founded in 1974, is a private, liberal arts college with an English/Spanish bilingual and bicultural curriculum. Its campus is located in Manhattan."
Borough of Manhattan Community College,https://www.collegexpress.com/college/borough-of-manhattan-community-college/3300972/details/,"New York, NY","$4,800",,24:1,"Borough of Manhattan Community College, founded in 1963, is a public two-year institution. Its campus is located in New York, NY."
Bronx Community College,https://www.collegexpress.com/college/bronx-community-college/3300973/details/,"Bronx, NY","$4,800",,,"Bronx Community College is a public, coeducational, two-year institution. Its campus is located in the Bronx, NY."
"Brooklyn College, CUNY",https://www.collegexpress.com/college/brooklyn-college-cuny/1100518/details/,"Brooklyn, NY","$6,930",49%,,"Founded in 1930, Brooklyn College is a public liberal arts institution in the City University of New York school system. Its 26-acre campus is located in Brooklyn's Flatbush section."
Buffalo State College,https://www.collegexpress.com/college/buffalo-state-college/1100138/details/,"Buffalo, NY","$7,070",80%,15:1,"Buffalo State, SUNY College at Buffalo, founded in 1867, is a public, multipurpose college of arts and sciences. Its 115-acre, urban campus is located in Buffalo."
Canisius University,https://www.collegexpress.com/college/canisius-university/1100989/details/,"Buffalo, NY","$28,630",76%,11:1,"Founded in 1870 by German Jesuits and named for St. Peter Canisius, Canisius University is the largest private university in Western New York. Its 72-acre campus is located in a residential neighborhood of North-Central Buffalo."
Cayuga Community College,https://www.collegexpress.com/college/cayuga-community-college/3300979/details/,"Auburn, NY","$4,992",,,"Cayuga Community College, founded in 1953, is a public two-year institution. Its 50-acre campus is located in Auburn, NY."
Charles Stuart School of Locksmithing,https://www.collegexpress.com/college/charles-stuart-school-of-locksmithing/3205176/details/,"Brooklyn, NY",,,,"Charles Stuart School of Locksmithing, founded in 1988, is a private two-year technical institution. Its campus is located in Brooklyn, NY."
Cheryl Fells School of Business,https://www.collegexpress.com/college/cheryl-fells-school-of-business/3101022/details/,"Niagara Falls, NY",,,,"Cheryl Fells School of Business is a private two-year technical institution. Its campus is located in Niagara Falls, NY."
Clarkson University,https://www.collegexpress.com/college/clarkson-university/1100295/details/,"Potsdam, NY","$51,454",77%,14:1,"Clarkson University is a private research university founded in 1896. Its 640-acre main campus is located in Potsdam, NY, with additional graduate programs and research facilities at its Capital Region Campus in Schenectady, NY, and its Beacon Institute for Rivers and Estuaries in Beacon, NY."
"Clinton Community College, SUNY",https://www.collegexpress.com/college/clinton-community-college-suny/3300980/details/,"Plattsburgh, NY","$5,518",,18:1,"Founded in 1969, Clinton Community College is a public two-year institution. Its 100-acre campus is located in Plattsburgh, NY."
Colgate University,https://www.collegexpress.com/college/colgate-university/1100298/details/,"Hamilton, NY","$59,655",27%,9:1,"Colgate University, founded in 1819, is a highly selective residential liberal arts institution. Its 550-acre campus is located in Hamilton, NY."
College of Mount St. Vincent,https://www.collegexpress.com/college/college-of-mount-st-vincent/1100328/details/,"Bronx, NY","$39,500",92%,13:1,"The College of Mount Saint Vincent is a co-educational, private, four-year college that provides an excellent liberal arts education in the Catholic tradition. Its 70-acre campus is located in the Riverdale section of the Bronx in New York City."
Columbia University,https://www.collegexpress.com/college/columbia-university/3000453/details/,"New York, NY","$58,920",6%,6:1,"Founded in 1754, Columbia University is a private coeducational institution. Its 36-acre campus is located in New York City."
Columbia–Greene Community College,https://www.collegexpress.com/college/columbia-greene-community-college/3300981/details/,"Hudson, NY","$4,968",,,"Columbia-Greene Community College, founded in 1966, is a public two-year institution. Its 144-acre campus is located in Hudson, NY."
Commercial Driver Training,https://www.collegexpress.com/college/commercial-driver-training/3101023/details/,"West Babylon, NY",,,,"Commercial Driver Training, founded in 1961, is a private vocational school specializing in driver training for tractor trailers, trucks, and buses. Its two-acre campus is located in West Babylon, NY."
Cope Education for Business,https://www.collegexpress.com/college/cope-education-for-business/3101024/details/,"Brooklyn, NY",,,,"Cope Institute, founded in 1977, is a private, coeducational, technical/professional institution. Its campus is located in Brooklyn."
Cornell University,https://www.collegexpress.com/college/cornell-university/1100516/details/,"Ithaca, NY","$58,586",10%,9:1,"Cornell University, founded in 1865, is a private, not-for-profit, co-educational, nonsectarian institution of higher learning chartered and operated under Laws of the State of New York. Although a private institution, Cornell is also the land-grant institution for New York State. Its 745-acre campus is located in Ithaca, 52 miles from Syracuse."
Cornell University Precollege Studies,https://www.collegexpress.com/college/cornell-university-precollege-studies/4001695/details/,"Ithaca, NY",,,,"The mission of Cornell University Precollege Studies is to present the broadest possible range of high-quality learning opportunities to Cornell's many constituencies. The SCE draws on the resources of all of Cornell's academic units, identifying needs and developing programs that most appropriately and effectively deploy Cornell's vast and varied educational resources. Cornell faculty members are joined by leaders in industry, government, and the professions, along with distinguished scholars from other institutions, to present these programs throughout the year."
D'Youville College,https://www.collegexpress.com/college/dyouville-college/1100691/details/,"Buffalo, NY","$27,986",83%,10:1,"D'Youville College is a private college. Founded as a women's college in 1908, it adopted coeducation in 1971. Its 17-acre campus is located less than a mile from the center of downtown Buffalo."
Daemen University,https://www.collegexpress.com/college/daemen-university/2100314/details/,"Amherst, NY","$29,700",61%,12:1,"Daemen University, founded in 1947, is a small, private, comprehensive institution with a mixture of liberal arts and career programs. Daemen offers bachelor's, master's, and clinical doctorate degrees as well as a post-secondary certificate and post-baccalaureate and post-master's certificates. Its 35-acre campus is located in Amherst, New York—a suburb of Buffalo"
Davis College,https://www.collegexpress.com/college/davis-college/3000278/details/,"Johnson City, NY","$15,750",28%,,"Davis College (formerly Practical Bible College), founded in 1900, is a private, faith-based, specialized school. Its 22-acre campus is located in Johnson City, NY, five miles from Binghamton and 70 miles from Syracuse."
"Dominican University, New York",https://www.collegexpress.com/college/dominican-university-new-york/1100623/details/,"Orangeburg, NY","$29,860",74%,15:1,"Founded in 1952, Dominican University in New York is a private non-affiliated liberal arts college offering undergraduate and graduate programs. Its 70-acre campus is located in Rockland County, 17 miles north of New York City."
Downstate Health Sciences University,https://www.collegexpress.com/college/downstate-health-sciences-university/3000064/details/,"Brooklyn, NY",,,,"SUNY Downstate Health Sciences University at Brooklyn, founded in 1858, is a public, upper-division institution. Its 13-acre campus is located in Brooklyn."
Dutchess Community College,https://www.collegexpress.com/college/dutchess-community-college/3300984/details/,"Poughkeepsie, NY","$4,350",,,"Dutchess Community College, founded in 1957, is a public two-year institution. Its campus is located in Poughkeepsie, NY."
Dutchess Community College South,https://www.collegexpress.com/college/dutchess-community-college-south/3302591/details/,"Wappingers Falls, NY","$4,620",,,"Dutchess Community College South is a public two-year institution. Its campus is located in Wappingers Falls, NY."
Eastman School of Music,https://www.collegexpress.com/college/eastman-school-of-music/4001723/details/,"Rochester, NY","$53,340",,,"Eastman School of Music, founded in 1921, is a private music conservatory within the University of Rochester. Its campus is located in Rochester, NY."
Elmira Business Institute,https://www.collegexpress.com/college/elmira-business-institute/3101030/details/,"Elmira, NY","$21,850",,,"Elmira Business Institute, founded in 1858, is a private, coeducational, two-year institution. Its campus is located in Elmira, New York."
Elmira College,https://www.collegexpress.com/college/elmira-college/2100318/details/,"Elmira, NY","$34,578",83%,,"Elmira College, steeped in tradition, is a private, residential, co-educational liberal arts college that emphasizes both general and professional education.  Founded as a women's college in 1855, it adopted coeducation in 1969. Its 55-acre campus is located in a residential area of Elmira, NY."
Empire Beauty School (New York),https://www.collegexpress.com/college/empire-beauty-school-new-york/5000981/details/,"Brooklyn, NY",,,,Empire Beauty Schools offer cosmetology programs at 96 locations across 20 states. Other programs such as nail technology and esthetics are available at select locations.
Erie Community College—City Campus,https://www.collegexpress.com/college/erie-community-college-city-campus/3300958/details/,"Buffalo, NY","$5,047",,15:1,"Founded in 1971, Erie Community College—City Campus is a public two-year liberal arts college. Its campus is located in Buffalo, New York."
Erie Community College—North Campus,https://www.collegexpress.com/college/erie-community-college-north-campus/3300956/details/,"Williamsville, NY","$4,900",74%,16:1,"Founded in 1946, Erie Community College—North Campus is a public two-year liberal arts college. Its 120-acre campus is located in Williamsville, New York."
Erie Community College—South Campus,https://www.collegexpress.com/college/erie-community-college-south-campus/3300957/details/,"Orchard Park, NY","$4,900",84%,13:1,"Founded in 1974, Erie Community College—South Campus is a public two-year institution. Its campus is located in Orchard Park, NY."
Eugene Lang College of Liberal Arts at The New School,https://www.collegexpress.com/college/eugene-lang-college-of-liberal-arts-at-the-new-school/1100772/details/,"New York, NY","$50,406",69%,11:1,"Founded in 1985, Eugene Lang College of Liberal Arts at The New School is a private coeducational institution. Its five-acre, urban campus is located in the Greenwich Village area of New York City"
Excelsior College,https://www.collegexpress.com/college/excelsior-college/3000168/details/,"Albany, NY",,,,"Founded in 1971, Excelsior College provides innovative and rigorous distance learning academic programs to adult learners. Accredited by Middle States, Excelsior offers 58 undergraduate and 3 graduate degree. Excelsior serves over 30,000 enrolled students in both its assessment and instruction based programs."
Farmingdale State College,https://www.collegexpress.com/college/farmingdale-state-college/1101080/details/,"Farmingdale, NY","$7,070",60%,19:1,"Farmingdale State College, founded in 1912, is a public college of technology and applied sciences. Its 380-acre campus is located in Farmingdale on Long Island, 35 miles from New York City."
Fashion Institute of Technology,https://www.collegexpress.com/college/fashion-institute-of-technology/1100515/details/,"New York, NY","$5,290",58%,16:1,"The Fashion Institute of Technology, founded in 1944, is a school of art and design and business and technology. It is a public institution, receiving its principal financial support from the State and City of New York. Its five-acre campus is located in midtown Manhattan, near the center of New York's fashion industry."
Finger Lakes Community College,https://www.collegexpress.com/college/finger-lakes-community-college/3300982/details/,"Canandaigua, NY","$4,864",,,"Finger Lakes Community College, founded in 1965, is a public, coeducational, two-year institution. Its campus is located in Canandaigua, NY."
Five Towns College,https://www.collegexpress.com/college/five-towns-college/3000000/details/,"Dix Hills, NY","$24,900",47%,,"Five Town College, founded in 1972, is a private coeducational institution. Its 35-acre campus is located in Dix Hills, 25 miles from New York City."
Fordham University,https://www.collegexpress.com/college/fordham-university/1100929/details/,"Bronx, NY","$54,730",52%,15:1,"Fordham University is the Jesuit University of New York.  Founded in 1841, our  85-acre Rose Hill campus is located in the Bronx, adjacent to the Botanical Gardens and Bronx Zoo. Our eight-acre Lincoln Center campus is located in Manhattan, right next to the Lincoln Center arts complex."
Fulton–Montgomery Community College,https://www.collegexpress.com/college/fulton-montgomery-community-college/3300959/details/,"Johnstown, NY","$5,040",,,"Founded in 1963, Fulton-Montgomery Community College,  is a public two-year coeducational institution. Its campus is located in Johnstown, NY."
Gemological Institute of America New York,https://www.collegexpress.com/college/gemological-institute-of-america-new-york/3101034/details/,"New York, NY",,,,"Gemological Institute of America, founded in 1931, is a private two-year professional institution. Its campus is located in New York, NY."
Genesee Community College,https://www.collegexpress.com/college/genesee-community-college/3300986/details/,"Batavia, NY","$4,550",,,"Genesee Community College, founded in 1966, is a public, two-year, liberal arts institution. Its 250-acre campus is located in Batavia, NY."
Guttman Community College,https://www.collegexpress.com/college/guttman-community-college/200000060/details/,"New York, NY","$4,800",,15:1,Guttman Community College is a public liberal arts community college in New York City. It's the newest of the City University of New York (CUNY) school system community colleges and was founded in September of 2012.
Hamilton College,https://www.collegexpress.com/college/hamilton-college/2100323/details/,"Clinton, NY","$57,930",18%,9:1,"Hamilton College is a private, liberal arts college. Founded in 1812, it adopted coeducation in 1978. Its 1,300-acre campus is located in Clinton, nine miles from Utica."
Harlem School of Technology,https://www.collegexpress.com/college/harlem-school-of-technology/3303571/details/,"New York, NY",,,,"Harlem School of Technology is a private, two-year technical institution. Its campus is located in New York, NY."
Hartwick College,https://www.collegexpress.com/college/hartwick-college/1100524/details/,"Oneonta, NY","$47,370",93%,10:1,"Hartwick College, founded in 1797, is a private liberal arts and sciences college. The 425-acre campus is located in Oneonta, New York."
Helene Fuld College of Nursing,https://www.collegexpress.com/college/helene-fuld-college-of-nursing/3302594/details/,"New York, NY",,,,"Helen Fuld College of Nursing, founded in 1945, is a private, specialized institution. Its campus is located in New York."
Herkimer County Community College,https://www.collegexpress.com/college/herkimer-county-community-college/3300987/details/,"Herkimer, NY","$5,016",,,"Herkimer County Community College, founded in 1967, is a public two-year institution. Its 500-acre campus is located in Herkimer, NY."
Hilbert College,https://www.collegexpress.com/college/hilbert-college/3000088/details/,"Hamburg, NY","$23,495",91%,12:1,"Hilbert College is a private, Catholic, Franciscan college. Founded in 1957, it adopted coeducation in 1969. Its 49-acre campus is located in the town of Hamburg, 10 miles from Buffalo."
Hobart and William Smith Colleges,https://www.collegexpress.com/college/hobart-and-william-smith-colleges/2100326/details/,"Geneva, NY","$57,400",61%,10:1,"Hobart College, founded in 1822, is a private liberal arts college for men. Coordinate college, William Smith, founded in 1908, is a private liberal arts college for women. Its 200-acre combined campus is located in Geneva."
Hofstra University,https://www.collegexpress.com/college/hofstra-university/2100327/details/,"Hempstead, NY","$48,315",69%,13:1,"Hofstra University, founded in 1935, is a private university. Its 240-acre campus is located in Hempstead, 25 miles east of New York City."
Hostos Community College,https://www.collegexpress.com/college/hostos-community-college/3301622/details/,"Bronx, NY","$4,800",,,"Hostos Community College, founded in 1968, is a public, specialized, coeducational institution. Its campus is located in Bronx, NY."
Houghton University,https://www.collegexpress.com/college/houghton-university/2100351/details/,"Houghton, NY","$33,920",79%,12:1,"Founded in 1883, Houghton University is a private coeducational Christian institution of the liberal arts and sciences. Its 1,300-acre campus is located in Houghton, NY, 60 miles from Buffalo and 70 miles from Rochester."
Hudson Valley Community College,https://www.collegexpress.com/college/hudson-valley-community-college/3300988/details/,"Troy, NY","$4,800",,19:1,"Hudson Valley Community College, founded in 1953, is a public two-year institution. Its 154-acre campus is located in Troy, NY."
Hunter Business School,https://www.collegexpress.com/college/hunter-business-school/3101037/details/,"Levittown, NY",,,,"Hunter Business School is a private, two-year, professional institution. Its campus is located in Levittown, NY."
"Hunter College, CUNY",https://www.collegexpress.com/college/hunter-college-cuny/1100566/details/,"New York, NY","$6,930",40%,14:1,"Founded in 1870, Hunter College is a public institution and part of the City University of New York system. Its three-block campus is located in New York City."
Iona University,https://www.collegexpress.com/college/iona-university/2100348/details/,"New Rochelle, NY","$39,380",85%,16:1,"Iona University is a coeducational Roman Catholic liberal arts institution founded in 1940 in the tradition of the Christian Brothers. Programs are offered through the Schools of Arts and Sciences and Business. Its 45-acre campus is located in New Rochelle on Long Island Sound, 16 miles from New York City."
Island Drafting & Technical Institute,https://www.collegexpress.com/college/island-drafting-technical-institute/3101040/details/,"Amityville, NY","$16,500",,,"Island Drafting and Technical Institute, founded in 1957, is a private, technical institute specializing in computer aided drafting/design technology. Its campus is located in Amityville, New York."
Ithaca College,https://www.collegexpress.com/college/ithaca-college/1100770/details/,"Ithaca, NY","$46,610",75%,10:1,"Founded in 1892, Ithaca College is a private liberal arts college with programs offered through the Schools of Business, Communications, Health Sciences & Human Performance, Humanities & Sciences, and Music. Its 670-contiguous-acre campus is located in Ithaca, New York—50 miles south of Syracuse."
Jamestown Business College,https://www.collegexpress.com/college/jamestown-business-college/3101041/details/,"Jamestown, NY","$11,700",97%,,"Jamestown Business College, founded in 1886, is a private two-year institution. Its campus is located in Jamestown, NY."
Jamestown Community College,https://www.collegexpress.com/college/jamestown-community-college/3300989/details/,"Jamestown, NY","$4,870",99%,17:1,"Founded in 1950, Jamestown Community College is a public, two-year college. The main campus is located on a 107-acre site at the foot of Chautauqua Lake in Jamestown, NY. JCC has a branch campus in Olean, NY and extension centers in Dunkirk, NY and Warren, PA. Jamestown Community College is part of the State University of New York (SUNY) system."
Jamestown Community College—Cattaraugus County Campus,https://www.collegexpress.com/college/jamestown-community-college-cattaraugus-county-campus/3300960/details/,"Olean, NY","$5,200",,17:1,"Founded in 1950, Jamestown Community College,  is a public two-year college. The main campus is located on a 107-acre site at the foot of Chautauqua Lake in Jamestown, New York. JCC has a branch campus in Olean and extension centers in Dunkirk and Warren, Pennsylvania. Jamestown Community College is part of the State University of New York (SUNY) system."
Jamestown Community College—North County Center,https://www.collegexpress.com/college/jamestown-community-college-north-county-center/3302146/details/,"Dunkirk, NY","$4,870",,16:1,"Founded in 1950, Jamestown Community College is a public two-year college. The main campus is located on a 107-acre site at the foot of Chautauqua Lake in Jamestown, New York. JCC has a branch campus in Olean and extension centers in Dunkirk and Warren, Pennsylvania. Jamestown Community College is part of the State University of New York (SUNY) system."
Jefferson Community College,https://www.collegexpress.com/college/jefferson-community-college/3300990/details/,"Watertown, NY","$5,016",,18:1,"Jefferson Community College, part of the SUNY college system, founded in 1962, is a public, coeducational, two-year institution. Its campus is located in Watertown, NY."
Jewish Theological Seminary of America,https://www.collegexpress.com/college/jewish-theological-seminary-of-america/3000167/details/,"New York, NY","$56,128",58%,,"The Jewish Theological Seminary, founded in 1886, is a private, coeducational Conservative Judaistic college. Its campus is located in New York City."
Joffrey Ballet School,https://www.collegexpress.com/college/joffrey-ballet-school/3302605/details/,"New York, NY","$20,900",41%,,"American Ballet Center/Joffrey Ballet School, founded in 1952, is a private, specialized, coeducational institution. Its campus is located in New York."
John Jay College of Criminal Justice,https://www.collegexpress.com/college/john-jay-college-of-criminal-justice/2100310/details/,"New York, NY","$6,930",37%,,"John Jay College of Criminal Justice is a public institution of liberal arts and criminal justice and a senior member of the City University of New York school system. Founded in 1964, it grew out of a program of higher education for New York City police officers. Its campus is located in the Lincoln Center area of Manhattan."
Juilliard School,https://www.collegexpress.com/college/juilliard-school/1100766/details/,"New York, NY","$49,260",7%,4:1,"The Juilliard School, founded in 1905, is a private conservatory of the performing arts. Its campus is located at Lincoln Center in New York City."
Keuka College,https://www.collegexpress.com/college/keuka-college/1100777/details/,"Keuka Park, NY","$32,700",90%,8:1,"Keuka College, founded in 1890, is a private, liberal arts institution. Its 288-acre campus is located in  Keuka Park, 50 miles from Rochester."
Kingsborough Community College,https://www.collegexpress.com/college/kingsborough-community-college/3300975/details/,"Brooklyn, NY","$4,800",,,"Kingsborough Community College, founded in 1963, is a public, coeducational institution. Its campus is located in Brooklyn, New York."
LaGuardia Community College,https://www.collegexpress.com/college/laguardia-community-college/3301624/details/,"Long Island City, NY","$4,800",,,"LaGuardia Community College, founded in 1971, is a public, two-year, liberal arts institution. Its 6-acre campus is located in Long Island City, NY."
Le Moyne College,https://www.collegexpress.com/college/le-moyne-college/2100337/details/,"Syracuse, NY","$34,910",74%,13:1,"Le Moyne College, founded in 1946, is a liberal arts college in the Catholic, Jesuit tradition. Its 161-acre campus is located in a residential area, minutes from downtown Syracuse."
"Lehman College, CUNY",https://www.collegexpress.com/college/lehman-college-cuny/1100932/details/,"Bronx, NY","$6,930",47%,18:1,"Founded in 1931, Lehman College is a public liberal arts institution that was initially a branch campus of Hunter College; it became a separate CUNY college in 1968. Its 37-acre campus is located in the Bronx."
LIM College,https://www.collegexpress.com/college/lim-college/1100316/details/,"New York, NY","$27,936",84%,16:1,"LIM College, founded in 1939, is a private, fashion and business centered institution. Its facilities are located in Midown Manhattan."
Long Island Business Institute,https://www.collegexpress.com/college/long-island-business-institute/3101046/details/,"Commack, NY","$8,866",81%,,"Long Island Business Institute, founded in 1968, is a private two-year institution. Its 1-acre campus is located in Commack, NY."
Long Island University—Brooklyn Campus,https://www.collegexpress.com/college/long-island-university-brooklyn-campus/2800139/details/,"Brooklyn, NY","$36,452",84%,13:1,"Founded in 1926, Long Island University in Brooklyn is a private institution. Its 11-acre campus is located in downtown Brooklyn, NY."
Long Island University—C.W. Post Campus,https://www.collegexpress.com/college/long-island-university-cw-post-campus/2100349/details/,"Brookville, NY","$37,182",85%,14:1,"Founded in 1954, Long Island University C.W. Post Campus is a private institution. Its 322-acre campus is located in Brookville, 45 minutes from Manhattan."
Mandl School,https://www.collegexpress.com/college/mandl-school/3101048/details/,"New York, NY","$14,500",,,"Mandl School, founded in 1924, is a private, two-year, technical institution. Its campus is located in New York, NY."
Manhattan College,https://www.collegexpress.com/college/manhattan-college/1100201/details/,"Riverdale, NY","$41,600",77%,13:1,"Manhattan College, established in 1853, is a private, four-year, coeducational, Lasallian Catholic institution of higher learning. Its 22-acre campus is located in the Riverdale section of the Bronx in New York City."
Manhattan School of Computer Technology,https://www.collegexpress.com/college/manhattan-school-of-computer-technology/3100997/details/,"Brooklyn, NY",,,,"Manhattan School of Computer Technology is a private two-year institution. Its campus is located in New York, NY."
Manhattan School of Music,https://www.collegexpress.com/college/manhattan-school-of-music/1100204/details/,"New York, NY","$48,280",41%,3:1,"The Manhattan School of Music, founded in 1917, is a private institution. Its facilities are located in the Morningside Heights section of Manhattan."
Manhattanville University,https://www.collegexpress.com/college/manhattanville-university/1100206/details/,"Purchase, NY","$38,880",89%,11:1,"Founded 1841, Manhattanville University is a private coeducational liberal arts institution with a mission to educate students to be ethical and socially-responsible leaders in a global community. Its 100-acre campus is located in Purchase, New York—approximately 25 miles from New York City."
Maria College of Albany,https://www.collegexpress.com/college/maria-college-of-albany/3301628/details/,"Albany, NY","$15,150",35%,,"Maria College of Albany, founded in 1958, is a private two-year institution. Its campus is located in Albany, NY."
Marist College,https://www.collegexpress.com/college/marist-college/1100220/details/,"Poughkeepsie, NY","$41,800",55%,16:1,"Marist College, founded in 1929, is a private, independent, comprehensive institution grounded in the liberal arts, located on a 210-acre campus in New York's Hudson River Valley, with a branch campus abroad in Florence, Italy."
Martha Graham School Contemporary Dance,https://www.collegexpress.com/college/martha-graham-school-contemporary-dance/3302615/details/,"New York, NY",,,,"Martha Graham School of Contemporary Dance, founded in 1926, is a private, two-year, dance institution. Its campus is located in New York, NY."
Marymount Manhattan College,https://www.collegexpress.com/college/marymount-manhattan-college/1100229/details/,"New York, NY","$35,680",88%,9:1,"Marymount Manhattan College, founded in 1936, is a private, liberal arts college. Founded as a branch of Marymount College of Tarrytown, NY, it became an independent institution in 1961. Its one-acre campus is located in midtown Manhattan."
"Medgar Evers College, CUNY",https://www.collegexpress.com/college/medgar-evers-college-cuny/2100357/details/,"Brooklyn, NY","$6,930",78%,14:1,"Founded in 1970, Medgar Evers College is a public liberal arts institution. Its a seven-acre campus located in the Central Brooklyn area."
Mercy University,https://www.collegexpress.com/college/mercy-university/1100259/details/,"Dobbs Ferry, NY","$22,106",85%,15:1,"Since 1950, Mercy University has been on a mission, bringing education to students in new ways, and making it our business to empower generations of learners. We help students break new ground, achieve forward momentum and create lasting impact that ripples beyond themselves, to their families and communities."
Metropolitan College of New York,https://www.collegexpress.com/college/metropolitan-college-of-new-york/3000062/details/,"New York, NY","$19,338",40%,11:1,"Founded in 1964, Metropolitan College of New York is a private non-profit college offering business, education, human services, urban studies, and public affairs programs. Its campus is located in Manhattan."
Mildred Elley (New York),https://www.collegexpress.com/college/mildred-elley-new-york/3303516/details/,"Albany, NY","$12,144",,,"Mildred Elley is a private, coeducational institution. Its campus is located in Albany, New York."
Modern Welding School,https://www.collegexpress.com/college/modern-welding-school/3101050/details/,"Schenectady, NY",,,,"Modern Welding School, founded in 1936, is a private, two-year, technical institution. Its 1-acre campus is located in Schenectady, NY."
Mohawk Valley Community College,https://www.collegexpress.com/college/mohawk-valley-community-college/3300991/details/,"Utica, NY","$4,594",,18:1,"Mohawk Valley Community College, founded in 1946, is New York State's oldest community college.  MVCC is one of 30 public community colleges in the State University of New York system.  The main 80-acre campus is located in Utica; a branch campus is located in nearby Rome, NY."
Molloy University,https://www.collegexpress.com/college/molloy-university/1100299/details/,"Rockville Centre, NY","$31,330",74%,10:1,"Molloy University, founded in 1955, is a private, church-affiliated, liberal arts college. Its 30-acre campus is located in Rockville Centre, 25 miles east of New York City."
Monroe College — New Rochelle Campus,https://www.collegexpress.com/college/monroe-college-new-rochelle-campus/5008905/details/,"New Rochelle, NY","$14,760",,,"Monroe College -- New Rochelle Campus is a public, coeducational institution. Its campus is located in New Rochelle, New York."
Monroe College,https://www.collegexpress.com/college/monroe-college/5008891/details/,"Bronx, NY","$14,976",,,"Monroe College, founded in 1933, is a private institution. Its campus is located in the Bronx, NY."
Monroe Community College,https://www.collegexpress.com/college/monroe-community-college/3302955/details/,"Rochester, NY","$4,706",,,"Monroe Community College, founded in 1961, is a public, two-year institution. Its three-acre campus is located in Rochester, New York."
Mount Saint Mary College,https://www.collegexpress.com/college/mount-saint-mary-college/1100326/details/,"Newburgh, NY","$33,126",90%,14:1,"Mount Saint Mary College is a private liberal arts college. Founded in 1959, it adopted coeducation in 1968. Its 86-acre campus is located in Newburgh, 58 miles north of New York City."
Music Conservatory of Westchester,https://www.collegexpress.com/college/music-conservatory-of-westchester/3302624/details/,"White Plains, NY",,,,"Music Conservatory of Westchester, founded in 1929, is a private two-year institution. Its campus is located in White Plains, NY."
Nassau Community College,https://www.collegexpress.com/college/nassau-community-college/3300993/details/,"Garden City, NY","$5,800",,,"Nassau Community College, founded in 1960, is a public, two-year, liberal arts institution. Its 225-acre campus is located in Garden City, NY."
National Tractor Trailer School — Buffalo,https://www.collegexpress.com/college/national-tractor-trailer-school-buffalo/3101051/details/,"Buffalo, NY",,,,"National Tractor Trailer School, founded in 1989, is a private, two-year, technical institution. Its 11-acre campus is located in Buffalo, NY."
National Tractor Trailer School — Liverpool,https://www.collegexpress.com/college/national-tractor-trailer-school-liverpool/3101052/details/,"Liverpool, NY",,,,"National Tractor Trailer School, founded in 1971, is a private, two-year, technical institution. Its seven-acre campus is located in Liverpool, NY."
Nazareth College,https://www.collegexpress.com/college/nazareth-college/1100335/details/,"Rochester, NY","$34,850",75%,10:1,"Nazareth College, founded in 1924, is a coeducational college with undergraduate and graduate studies in liberal arts and sciences and professional programs in health and human services, education, and management. Its 150-acre campus is located in Rochester, New York."
New York City College of Technology,https://www.collegexpress.com/college/new-york-city-college-of-technology/1100565/details/,"Brooklyn, NY","$6,930",79%,15:1,"Founded in 1946, New York City College of Technology is a public specialized tech institution in the City University of New York school system. Its campus is located in Brooklyn."
New York Film Academy,https://www.collegexpress.com/college/new-york-film-academy/5001149/details/,"New York, NY",,,,"New York Film Academy, founded in 1992, is a two-year specialized institution. Its campus is located in New York, NY. The school has two other campuses in Los Angeles and South Beach, Florida. The Los Angeles campus offers additional Bachelor's and Master's programs."
New York Institute of Technology,https://www.collegexpress.com/college/new-york-institute-of-technology/1100807/details/,"Old Westbury, NY","$38,060",74%,12:1,"New York Institute of Technology, founded in 1955, is a private, non-profit institution with campuses on Long Island in Old Westbury, NY; in Manhattan; Jonesboro, Arkansas; Abu Dhabi, the United Arab Emirates; Vancouver, Canada; and China."
New York Paralegal School,https://www.collegexpress.com/college/new-york-paralegal-school/3303104/details/,"New York, NY",,,,"New York Paralegal School is a private specialized institution. Its campus is located in New York, NY."
New York School for Medical and Dental Assistants,https://www.collegexpress.com/college/new-york-school-for-medical-and-dental-assistants/3101057/details/,"Long Island City, Queens, NY",,,,"New York School for Medical and Dental Assistants, founded in 1966, is a private, specialized, coeducational, technical/professional institution. Its campus is located in Long Island City, Queens, New York."
New York School of Interior Design,https://www.collegexpress.com/college/new-york-school-of-interior-design/3000314/details/,"New York, NY","$25,440",67%,,"The New York School of Interior Design, founded in 1916, is a private, primarily specialized institute. Its campus is located on Manhattan's upper east side in New York City."
New York University,https://www.collegexpress.com/college/new-york-university/2100345/details/,"New York, NY","$52,204",21%,9:1,"Founded in 1831, New York University is one of the largest private universities in the United States. Programs are offered through 18 schools and colleges at five major centers in Manhattan and in sites in Africa, Asia, Europe, and South America. The faculty's research and teaching encompass the humanities, sciences, and social sciences; law; medicine; business; education; fine arts, studio art, and performing and cinematic arts; music; social work; public administration; the ancient world; and continuing and professional studies. NYU's main campus is located in the heart of Greenwich Village in New York City, with an additional location in Brooklyn."
Niagara County Community College,https://www.collegexpress.com/college/niagara-county-community-college/3300994/details/,"Sanborn, NY","$4,752",,,"Niagara County Community College, founded in 1962, is a public two-year institution. Its 287-acre campus is located in Sanborn, NY."
Niagara University,https://www.collegexpress.com/college/niagara-university/2800142/details/,"Niagara University, NY","$33,700",92%,11:1,"Niagara University, founded by the Vincentian community in 1856, is a comprehensive institution, blending the best of a liberal arts and professional education, grounded in a values-based, Catholic tradition. Its 160-acre campus is located four miles from Niagara Falls, 20 minutes from Buffalo, and 90 minutes from Toronto."
North Country Community College,https://www.collegexpress.com/college/north-country-community-college/3300995/details/,"Saranac Lake, NY","$5,280",,,"North Country Community College, founded in 1967, is a public, coeducational, two-year institution. Its 70-acre campus is located in Saranac Lake, seven miles from Lake Placid and 40 miles from Plattsburgh."
North Country Community College—Ticonderoga Campus,https://www.collegexpress.com/college/north-country-community-college-ticonderoga-campus/3300964/details/,"Ticonderoga, NY","$7,078",,,"North Country Community College is a public two-year institution. Its branch campus is in Ticonderoga, New York, and the main campus is in Saranac Lake."
Onondaga Community College,https://www.collegexpress.com/college/onondaga-community-college/3300965/details/,"Syracuse, NY","$5,090",,,"Onondaga Community College, founded in 1962, is a public college. Its 230-acre campus is located in Syracuse."
Orange County Community College,https://www.collegexpress.com/college/orange-county-community-college/3300996/details/,"Middletown, NY","$5,376",,,"Orange County Community College, founded in 1950, is a public, two-year, liberal arts institution. Its 37-acre campus is located in Middletown, NY."
Pace University,https://www.collegexpress.com/college/pace-university/1100090/details/,"New York, NY","$49,550",82%,14:1,"Pace University, founded in 1906, is a private, comprehensive university. Its three-acre urban campus is located in New York City and its 200-acre suburban campus is located in Pleasantville-Briarcliff, 20 miles from New York City."
Pace University—Westchester,https://www.collegexpress.com/college/pace-university-westchester/200000054/details/,"Pleasantville, NY","$49,550",85%,14:1,"Founded in 1906, Pace University is a private comprehensive university. Its three-acre urban campus is located in New York City and its 200-acre suburban campus is located in Pleasantville-Briarcliff, 20 miles from New York City."
Parsons School of Design at The New School,https://www.collegexpress.com/college/parsons-school-of-design-at-the-new-school/1100100/details/,"New York, NY","$50,460",46%,10:1,"Founded in 1896 and affiliated with The New School in 1970, Parsons School of Design is a private coeducational school of the arts. Its campus is located in New York City."
Paul Smith's College,https://www.collegexpress.com/college/paul-smiths-college/3000445/details/,"Paul Smiths, NY","$30,160",67%,12:1,"Paul Smith's College, founded in 1937, is a private, specialized institution. Its 14,200-acre wilderness campus is located in Paul Smith's, New York."
Plaza College,https://www.collegexpress.com/college/plaza-college/3101065/details/,"Forest Hills, NY","$12,000",30%,28:1,"Plaza College, founded in 1916, is a private two-year institution. Its campus is located in Forest Hills, NY."
Pratt Institute,https://www.collegexpress.com/college/pratt-institute/1100158/details/,"Brooklyn, NY","$51,754",65%,9:1,"Pratt Institute, founded in 1887, is a private, multipurpose institute. Programs are offered through the Schools of Architecture and Art and Design. Its 25-acre campus is located in Brooklyn."
PrattMWP College of Art and Design,https://www.collegexpress.com/college/prattmwp-college-of-art-and-design/3302617/details/,"Utica, NY","$32,210",,10:1,"Pratt at Munson Williams Proctor Arts Institute, founded in 1919, is a small art college offering the first two years of a bachelor's degree with the last two years at the Pratt Institute in Brooklyn, NY. Its campus is located in Utica, NY."
Purchase College,https://www.collegexpress.com/college/purchase-college/1100161/details/,"Purchase, NY","$7,070",73%,14:1,"Purchase College, SUNY, founded in 1967, is a public college and part of the State University of New York system. Located 25 miles north of Manhattan in Westchester County, the campus sits on a 500-plus acre estate and offers programs in the School of the Arts, the School of Liberal Arts and Sciences, and the School of Liberal Studies and Continuing Education."
"Queens College, CUNY",https://www.collegexpress.com/college/queens-college-cuny/1100946/details/,"Queens, NY","$6,930",53%,16:1,"Founded in 1937, Queens College is a public coeducational liberal arts institution in the City University of New York school system. Its 80-acre campus is located in the Flushing section of Queens in New York."
Queensborough Community College,https://www.collegexpress.com/college/queensborough-community-college/3300977/details/,"Bayside, NY","$4,800",,19:1,"Queensborough Community College, founded in 1959, is a public two-year institution. Its 34-acre campus is located in Bayside, NY."
Rensselaer Polytechnic Institute,https://www.collegexpress.com/college/rensselaer-polytechnic-institute/1100089/details/,"Troy, NY","$55,600",57%,12:1,"Rensselaer Polytechnic Institute, founded in 1824, is a private, technical institution. Programs are offered through the Schools of Architecture, Engineering, Humanities Arts &amp; Social Sciences, Management, and Science. Its 260-acre campus is located in Troy, 15 miles from Albany."
Roberts Wesleyan College,https://www.collegexpress.com/college/roberts-wesleyan-college/1100145/details/,"Rochester, NY","$32,322",75%,11:1,"Founded in 1866, Roberts Wesleyan College is a private Christian liberal arts college. Its 188-acre campus is located eight miles from downtown Rochester."
Rochester Institute of Technology,https://www.collegexpress.com/college/rochester-institute-of-technology/1100157/details/,"Rochester, NY","$50,564",73%,13:1,"Rochester Institute of Technology, founded in 1829, is a private, coeducational institution. Its 1,300-acre campus is located in Rochester, 75 miles from Buffalo and 97 miles from Syracuse, with branch campuses abroad in China, Croatia, Dubai, and Kosovo."
Rockland Community College,https://www.collegexpress.com/college/rockland-community-college/3300997/details/,"Suffern, NY","$5,110",,,"Rockland Community College, founded in 1959, is a public two-year institution. Its 120-acre campus is located in Suffern, NY."
Russell Sage College,https://www.collegexpress.com/college/russell-sage-college/1100208/details/,"Troy, NY","$31,450",74%,11:1,"Russell Sage College (formerly The Sage Colleges), is a four-year college  specializing in the arts and sciences and professional fields of study with two campuses in Troy and Albany, NY. Both campuses offer both undergraduate and graduate degree programs and courses."
SAGE Truck Driving School — New York,https://www.collegexpress.com/college/sage-truck-driving-school-new-york/3303649/details/,"Endicott, NY",,,,
SAGE Truck Driving School — Rome,https://www.collegexpress.com/college/sage-truck-driving-school-rome/3303727/details/,"Rome, NY",,,,
Samaritan Hospital School of Nursing,https://www.collegexpress.com/college/samaritan-hospital-school-of-nursing/3302923/details/,"Troy, NY","$11,456",100%,,"Samaritan Hospital School of Nursing, founded in 1898, is a private two-year institution."
Sarah Lawrence College,https://www.collegexpress.com/college/sarah-lawrence-college/1100082/details/,"Bronxville, NY","$56,020",54%,9:1,"Sarah Lawrence College, founded in 1926, is a private, coeducational, liberal arts college. Its campus is located in Bronxville, New York."
Schenectady County Community College,https://www.collegexpress.com/college/schenectady-county-community-college/3300998/details/,"Schenectady, NY","$4,608",,,"Schenectady County Community College, founded in 1968, is a public two-year institution. Its 50-acre campus is located in Schenectady, NY."
School of Visual Arts,https://www.collegexpress.com/college/school-of-visual-arts/1100245/details/,"New York, NY","$45,000",71%,8:1,"The School of Visual Arts, founded in 1947, is a private school of art. Its campus of 18 buildings is located in lower Manhattan."
Siena College,https://www.collegexpress.com/college/siena-college/1100096/details/,"Loudonville, NY","$39,200",80%,12:1,"Siena College, founded in 1937, is an independent, liberal arts college with a Franciscan and Catholic tradition. Programs are offered through the Schools of Liberal Arts, Business, and Science.  Its 175-acre campus is located in Loudonville, 15-miles north of Albany."
Skidmore College,https://www.collegexpress.com/college/skidmore-college/1100099/details/,"Saratoga Springs, NY","$57,066",32%,8:1,"Skidmore College is a private, liberal arts college. Founded in 1903, it adopted coeducation in 1971. Its 890-acre campus is located in Saratoga Springs, 30 miles from Albany."
Spanish–American Institute,https://www.collegexpress.com/college/spanish-american-institute/3101079/details/,"New York, NY",,,,"Spanish-American Institute, founded in 1955, is a private two-year institution. Its campus is located in New York, NY."
St. Bonaventure University,https://www.collegexpress.com/college/st-bonaventure-university/1100041/details/,"St. Bonaventure, NY","$35,450",76%,12:1,"St. Bonaventure University, founded in 1858, is a private, coeducational  institution. Its 600-acre campus is located in Olean, 75 miles from Buffalo."
St. Francis College,https://www.collegexpress.com/college/st-francis-college/1100046/details/,"Brooklyn Heights, NY","$26,688",84%,,"St. Francis College is a private, church-affiliated, liberal arts college. Founded in 1884 with the purpose of providing higher education for students with limited economic resources, it adopted coeducation in 1969. Its urban campus is located in Brooklyn Heights."
St. John Fisher College,https://www.collegexpress.com/college/st-john-fisher-college/1100051/details/,"Rochester, NY","$34,340",68%,11:1,"St. John Fisher College is a coeducational liberal arts college located in Pittsford, New York. Its 154-acre campus is located in Rochester."
St. John's University,https://www.collegexpress.com/college/st-johns-university/1100054/details/,"Queens, NY","$43,160",75%,17:1,"St. John's University, founded in 1870, is a private, Roman Catholic university. Its 102-acre main campus is located in the Jamaica section of Queens in New York City."
St. Joseph's University—Brooklyn,https://www.collegexpress.com/college/st-josephs-university-brooklyn/1100060/details/,"Brooklyn, NY","$28,590",70%,10:1,"St. Joseph's University (formerly College) in Brooklyn is a private Catholic liberal arts institution. Founded as a women's college in 1916, it adopted coeducation in 1969. Its five-acre campus is located in a residential section of Brooklyn, 5 miles from Midtown Manhattan."
St. Joseph's University—Long Island,https://www.collegexpress.com/college/st-josephs-university-long-island/1100037/details/,"Patchogue, NY",,,13:1,"Founded in 1916, St. Joseph's University (formerly College) on Long Island is a private Catholic liberal arts institution. Its 56-acre campus is located in Patchoque, 55 miles from midtown Manhattan."
St. Lawrence University,https://www.collegexpress.com/college/st-lawrence-university/1100066/details/,"Canton, NY","$58,330",47%,11:1,"St. Lawrence University, founded in 1856, is a private, liberal arts university. Its 1,000-acre campus is located in Canton, in northern New York."
St. Thomas Aquinas College,https://www.collegexpress.com/college/st-thomas-aquinas-college/1100073/details/,"Sparkill, NY","$33,400",86%,16:1,"St. Thomas Aquinas College is a private, liberal arts college. Founded in 1952, it adopted coeducation in 1968. Its 43-acre campus is located in Sparkill, 15 miles from New York City."
Stony Brook University,https://www.collegexpress.com/college/stony-brook-university/1100134/details/,"Stony Brook, NY","$7,070",48%,18:1,"Stony Brook University, State University of New York, founded in 1957, is a public research university. Its 1,040-acre campus is located on the North Shore of Long Island, 60 miles east of New York City"
"Studio Jewelers, Ltd.",https://www.collegexpress.com/college/studio-jewelers-ltd/3303335/details/,"New York, NY",,,,"Studio Jewelers, Ltd. founded in 1979, is a jewelry trade school, located in New York."
Suffolk County Community College—Ammerman Campus,https://www.collegexpress.com/college/suffolk-county-community-college-ammerman-campus/3300999/details/,"Selden, NY","$5,470",,,"Suffolk County Community College is a public two-year institution with three campuses in Selden, Brentwood, and Riverhead, New York."
Suffolk County Community College—Eastern Campus,https://www.collegexpress.com/college/suffolk-county-community-college-eastern-campus/3303910/details/,"Riverhead, NY","$5,220",,,"Suffolk County Community College is a public two-year institution with three campuses in Riverhead,  Brentwood, and Selden, New York."
Suffolk County Community College—Grant Campus,https://www.collegexpress.com/college/suffolk-county-community-college-grant-campus/3303909/details/,"Brentwood, NY","$5,220",,,"Suffolk County Community College is a public two-year institution with three campuses in Brentwood, Riverhead, and Selden, New York."
SUNY Adirondack,https://www.collegexpress.com/college/suny-adirondack/3301630/details/,"Queensbury, NY","$4,944",,20:1,"Founded in 1961, SUNY Adirondack is a public community liberal arts college. Its campus is located in Queensbury, New York."
SUNY Brockport,https://www.collegexpress.com/college/suny-brockport/1100135/details/,"Brockport, NY","$7,070",58%,17:1,"SUNY Brockport, founded in 1835, is a public, comprehensive four-year college. Its 464-acre campus is located in Brockport, NY: 16 miles west of Rochester, NY, 45 miles east of Buffalo, NY, and a short drive from the Canadian border."
SUNY Broome Community College,https://www.collegexpress.com/college/suny-broome-community-college/3300955/details/,"Binghamton, NY","$5,088",,,"Broome Community College is a public, comprehensive community college supervised the the State University of New York, sponsored by the County of Broome, and governed by a Board of Trustees. Chartered in 1946 Broome Community College's 220-acre campus is located in BInghamton, New York."
SUNY Canton,https://www.collegexpress.com/college/suny-canton/5009129/details/,"Canton, NY","$7,070",83%,18:1,"Founded in 1906, SUNY Canton is a public coeducational residential college located on a 555-acre campus along the banks of the Grasse River in Canton, New York."
SUNY Cobleskill,https://www.collegexpress.com/college/suny-cobleskill/3000130/details/,"Cobleskill, NY","$7,070",80%,16:1,"Founded in 1911, SUNY Cobleskill is a public polytechnic college with a rich academic tradition spanning over 100 years. Over 2,300 students are enrolled in the 58 certificate, associate, and baccalaureate degree programs offered.  Its 902-acre campus is located in Cobleskill, 35 miles from Albany."
SUNY College of Environmental Science and Forestry,https://www.collegexpress.com/college/suny-college-of-environmental-science-and-forestry/1100142/details/,"Syracuse, NY","$7,070",60%,13:1,"SUNY College of Environmental Science and Forestry, founded in 1911, is a public, multipurpose college. Its 12-acre campus is located in Syracuse."
SUNY Corning Community College,https://www.collegexpress.com/college/suny-corning-community-college/3300983/details/,"Corning, NY","$5,068",,,"Corning Community College, founded in 1956, is a public, coeducational, two-year institution. Its campus is located in Corning, NY."
SUNY Cortland,https://www.collegexpress.com/college/suny-cortland/1100140/details/,"Cortland, NY","$7,070",52%,16:1,"SUNY Cortland, founded in 1868, is a public, multipurpose college of arts and sciences. Its 191-acre campus is located in Cortland, 30 miles from Syracuse."
SUNY Delhi,https://www.collegexpress.com/college/suny-delhi/3300952/details/,"Delhi, NY","$7,070",64%,15:1,"SUNY--Delhi, founded in 1913, is a public, coeducational institution offering degrees ranging from the Certificate to Master's level.  Its campus is located in Delhi, New York."
SUNY Empire State College,https://www.collegexpress.com/college/suny-empire-state-college/3000011/details/,"Saratoga Springs, NY","$7,070",,15:1,"SUNY Empire State College, founded in 1971, is a public, coeducational institution. Its campus is located in Saratoga Springs, New York."
SUNY Fredonia,https://www.collegexpress.com/college/suny-fredonia/1100143/details/,"Fredonia, NY","$7,070",72%,14:1,"State University of New York at Fredonia is a public comprehensive selective liberal arts university in western New York, just minutes from Lake Erie. Founded in 1826, the university is among the oldest in the SUNY system."
SUNY Geneseo,https://www.collegexpress.com/college/suny-geneseo/1100146/details/,"Geneseo, NY","$7,070",61%,17:1,"SUNY Geneseo, founded in 1871, is a public, multipurpose college of liberal arts and sciences. Its 220-acre campus is located in Geneseo, NY, 30 miles south of Rochester."
SUNY Maritime College,https://www.collegexpress.com/college/suny-maritime-college/1100167/details/,"Throggs Neck, NY","$7,070",72%,,"SUNY Maritime College, founded in 1874, is a public, multipurpose college for the maritime and related industries. Its 56-acre campus is located in Throggs Neck."
SUNY Morrisville,https://www.collegexpress.com/college/suny-morrisville/5009395/details/,"Morrisville, NY","$7,070",,,"SUNY Morrisville, founded in 1908, is a public, coeducational institution. Its campus is located in Morrisville, NY."
SUNY New Paltz,https://www.collegexpress.com/college/suny-new-paltz/1100148/details/,"New Paltz, NY","$7,070",62%,16:1,"Founded in 1828, SUNY New Paltz is a public multipurpose institution of arts and sciences. Its 216-acre campus is located in New Paltz, 75 miles from Albany."
SUNY Old Westbury,https://www.collegexpress.com/college/suny-old-westbury/1100149/details/,"Old Westbury, NY","$7,070",53%,18:1,"SUNY College at Old Westbury, founded in 1965, is a comprehensive public college offering undergraduate and graduate degrees. With a wooded 604-acre campus centrally located on Long Island, the nation's 17th largest population center, Old Westbury offers the best of both worlds -- a quiet atmosphere dedicated to learning, yet just 20 miles from the heart of New York City."
SUNY Oneonta,https://www.collegexpress.com/college/suny-oneonta/1100151/details/,"Oneonta, NY","$7,070",62%,17:1,"SUNY Oneonta, founded in 1889, is a public, multipurpose university of liberal arts and sciences. Its 250-acre campus is located in Oneonta, 75 miles southwest of Albany."
SUNY Oswego,https://www.collegexpress.com/college/suny-oswego/1100153/details/,"Oswego, NY","$7,070",68%,17:1,"SUNY Oswego, founded in 1861, is a public, multipurpose college of arts and sciences. Its 696-acre campus is located in Oswego, 35 miles northwest of Syracuse, on the shore of Lake Ontario."
SUNY Plattsburgh,https://www.collegexpress.com/college/suny-plattsburgh/1100155/details/,"Plattsburgh, NY","$7,070",61%,16:1,"SUNY Plattsburgh, founded in 1889, is a public, multipurpose college of arts and sciences. Its 300-acre campus is located in Plattsburgh, 60 miles from Montreal, Canada."
SUNY Polytechnic Institute,https://www.collegexpress.com/college/suny-polytechnic-institute/1100163/details/,"Utica and Albany, NY","$7,070",73%,13:1,"SUNY Polytechnic Institute, founded in 1966, is a public institute of technology. It has campuses in Utica and Albany, New York."
SUNY Potsdam,https://www.collegexpress.com/college/suny-potsdam/1100159/details/,"Potsdam, NY","$7,070",71%,11:1,"SUNY Potsdam, founded in 1816, is a public, liberal arts college. Its 240-acre campus is located in Potsdam NY, north of Syracuse."
SUNY Sullivan,https://www.collegexpress.com/college/suny-sullivan/3301000/details/,"Loch Sheldrake, NY","$5,208",,18:1,"Sullivan County Community College, founded in 1963, is a public two-year institution. Its 405-acre campus is located in Loch Sheldrake, NY."
SUNY Ulster,https://www.collegexpress.com/college/suny-ulster/3303908/details/,"Stone Ridge, NY","$4,880",,,"SUNY Ulster is a public two-year institution. Its campus is located in Stone Ridge, NY."
SUNY Upstate Medical University,https://www.collegexpress.com/college/suny-upstate-medical-university/1100169/details/,"Syracuse, NY",,,,"SUNY Upstate Medical University, founded in 1950, is a public, comprehensive institution. Its 30-acre campus is located in downtown Syracuse."
Syracuse University,https://www.collegexpress.com/college/syracuse-university/1100182/details/,"Syracuse, NY","$54,270",68%,,"Syracuse University, founded in 1870, is a private, coeducational institution. Its 708-acre campus is located in Syracuse.  The University's original colors were pink and pea green. Orange became the official color in 1890."
"The City College of New York, CUNY",https://www.collegexpress.com/college/the-city-college-of-new-york-cuny/2100313/details/,"New York, NY","$6,930",50%,10:1,"Founded in 1847 as the Free Academy, the City College of New York is a public institution and the first of City University of New York schools. Programs are offered through the College of Liberal Arts and Science and the Schools of Architecture, Education, and Engineering, and the Division of the Arts. Its 35-acre campus of Gothic and modern architecture is located in New York's St. Nicholas Heights section."
The College of Saint Rose,https://www.collegexpress.com/college/the-college-of-saint-rose/1100072/details/,"Albany, NY","$33,152",81%,14:1,"The College of Saint Rose, founded in 1920, is a private, independent, coeducational institution of higher education offering more than 100 bachelor's, master's, and certificate degree programs. The College serves undergraduate and graduate students, working professionals, international students, and more. Its 49-acre campus is located in Albany, New York."
"The College of Staten Island, CUNY",https://www.collegexpress.com/college/the-college-of-staten-island-cuny/2100312/details/,"Staten Island, NY","$6,930",,19:1,"Formed in 1976 through the merger of Staten Island Community College and Richmond College, The College of Staten Island is a public liberal arts college. Its 204-acre campus is located in Staten Island, a borough of New York City."
The College of Westchester,https://www.collegexpress.com/college/the-college-of-westchester/3101096/details/,"White Plains, NY","$21,060",88%,,"The College of Westchester, founded in 1915, is a coeducation, private college providing students with an education in diverse community and preparing them for professional careers. It's campus is located in White Plains, New York."
The Cooper Union for the Advancement of Science and Art,https://www.collegexpress.com/college/the-cooper-union-for-the-advancement-of-science-and-art/1100301/details/,"New York, NY","$44,550",17%,6:1,"The Cooper Union for the Advancement of Science and Art, founded in 1859, is a private, multipurpose institution located in lower Manhattan."
The Culinary Institute of America at Hyde Park,https://www.collegexpress.com/college/the-culinary-institute-of-america-at-hyde-park/3000320/details/,"Hyde Park, NY","$32,000",96%,18:1,"The Culinary Institute of America (CIA), founded in 1946, is an independent, non-profit, specialized college. Its 172-acre main campus is located in New York (Hyde Park)."
The King's College,https://www.collegexpress.com/college/the-kings-college/3000468/details/,"New York, NY","$37,000",39%,,"The King's College, founded in 1938 and reorganized in 1999, is a private Christian college. Its campus is located in New York."
The New School Center for Media,https://www.collegexpress.com/college/the-new-school-center-for-media/3101053/details/,"Albany, NY",,,,"The New School Center for Media (formerly The New School of Radio and Television), is a private, specialized institution. Its campus is located in Albany."
The New School College of Performing Arts,https://www.collegexpress.com/college/the-new-school-college-of-performing-arts/5003739/details/,"New York, NY","$48,760",49%,7:1,"The New School College of Performing Arts is a private coeducational institution that consists of three schools: the Mannes School of Music, the School of Drama, and the School of Jazz & Contemporary Music. Its campus is located in New York City."
The New School for Public Engagement,https://www.collegexpress.com/college/the-new-school-for-public-engagement/4000869/details/,"New York, NY","$31,742",,,"The New School for Public Engagement, founded in 1919, is a private, coeducational institution. Its campus is located in New York."
The New York Conservatory for Dramatic Arts School of Film and Television,https://www.collegexpress.com/college/the-new-york-conservatory-for-dramatic-arts-school-of-film-and-television/3303885/details/,"New York, NY","$33,900",95%,,"The New York Conservatory for Dramatic Arts is an institutionally accredited member of The National Association of Schools of Theatre (NAST), located in the heart of New York City."
The State University of New York Recruitment Response Center,https://www.collegexpress.com/college/the-state-university-of-new-york-recruitment-response-center/5006301/details/,"Albany, NY",,,,"The State University of New York, SUNY for short, university system is home to 64 colleges across the state of New York. It's university system administration building is located in Albany."
Tompkins Cortland Community College,https://www.collegexpress.com/college/tompkins-cortland-community-college/3300969/details/,"Dryden, NY","$5,355",,,"Founded in 1968, Tompkins Cortland Community College is a public two-year liberal arts institution. Its 220-acre campus is located in Dryden, NY."
Touro College,https://www.collegexpress.com/college/touro-college/1100199/details/,"New York, NY","$19,950",75%,13:1,"Touro College in New York, founded in 1971, is a private college part of the Touro College and University System, the largest not-for-profit independent institution of higher and professional education under Jewish auspices in the country. Its urban campus is located in downtown Manhattan."
Trocaire College,https://www.collegexpress.com/college/trocaire-college/3301636/details/,"Buffalo, NY","$17,980",53%,,"Trocaire College, founded in 1958, is a private, two-year, coeducational institution. Its campus is located in Buffalo, New York."
Union College,https://www.collegexpress.com/college/union-college/1100211/details/,"Schenectady, NY","$58,956",41%,10:1,"Union College, founded in 1795 and the first college chartered by the New York State Board of Regents, offers programs in the liberal arts and engineering. Union's curriculum emphasizes collaboration with students and faculty through small classes and undergraduate research, an international experience in all disciplines and learning through service to the campus and community.  Located in the city of Schenectady, Union's campus is three hours from New York City and Boston."
United States Merchant Marine Academy,https://www.collegexpress.com/college/united-states-merchant-marine-academy/1100218/details/,"Kings Point, NY",,24%,12:1,"The U.S. Merchant Marine Academy is a federal academy. Founded in 1943, it adopted coeducation in 1974. Its 80-acre campus is located in Kings Point, on the north shore of Long Island, 20 miles east of mid-town New York City."
United States Military Academy,https://www.collegexpress.com/college/united-states-military-academy/1100219/details/,"West Point, NY",,8%,7:1,"Founded in 1802, United States Military Academy is a fully funded four year college specifically charge with educating, training, and inspiring young men and women for service as commissioned officers in the US Army.  West Point is a picturesque 16,080-acre campus along the Hudson River in Orange County, New York."
University at Albany,https://www.collegexpress.com/college/university-at-albany/1100128/details/,"Albany, NY","$7,070",57%,18:1,"Founded in 1844, University at Albany is a public comprehensive research institution in the Capital Region of New York. Its 560-acre Uptown Campus is located in Albany."
University at Buffalo,https://www.collegexpress.com/college/university-at-buffalo/1100132/details/,"Buffalo, NY","$7,070",66%,15:1,"SUNY University at Buffalo, founded in 1846, is a public, coeducational institution. Its 1,350-acre campus is located in Buffalo, New York."
University of Rochester,https://www.collegexpress.com/college/university-of-rochester/1100166/details/,"Rochester, NY","$57,188",35%,,"The University of Rochester, founded in 1850, is a private, coeducational research university. Its 655-acre campus is located in Rochester, NY."
Utica College,https://www.collegexpress.com/college/utica-college/1100228/details/,"Utica, NY","$21,560",86%,11:1,"Utica College, founded in 1946, is a comprehensive, independent, private institution. Its 128-acre campus is located in Utica, 50 miles from Syracuse."
Vassar College,https://www.collegexpress.com/college/vassar-college/1100230/details/,"Poughkeepsie, NY","$60,030",24%,8:1,"Vassar College is a private, liberal arts college. Founded for women in 1861, it adopted coeducation in 1969. Its 1,000-acre campus is located on the outskirts of Poughkeepsie, 75 miles north of New York City. It includes a range of architecture from Gothic to modernist."
Vaughn College of Aeronautics and Technology,https://www.collegexpress.com/college/vaughn-college-of-aeronautics-and-technology/3000061/details/,"Flushing, NY","$25,300",,16:1,"Vaughn College of Aeronautics and Technology, founded in 1932, is a private, coeducational, four-year, specialized institution. Its campus is located in Flushing, New York."
Villa Maria College,https://www.collegexpress.com/college/villa-maria-college/3301637/details/,"Buffalo, NY","$24,000",78%,8:1,"Villa Maria College is a private, co-educational institution of higher education offering both associate and bachelor's degrees, emphasizing programs in the applied arts and music while offering and maintaining quality programs in other educational disciplines.  The college was established in 1961 and is located in the town of Cheektowaga, which borders the eastern edge of the city of Buffalo, NY."
Wagner College,https://www.collegexpress.com/college/wagner-college/1100246/details/,"Staten Island, NY","$48,010",70%,12:1,"Founded in 1883, Wagner College is a four-year liberal arts college. Its 110-acre campus is located on Staten Island."
Webb Institute,https://www.collegexpress.com/college/webb-institute/1100251/details/,"Glen Cove, NY","$52,420",21%,9:1,"Webb Institute is a private institute of naval architecture and marine engineering. Founded in 1889, it adopted coeducation in 1974. Its 26-acre campus is located in Glen Cove, on the north shore of Long Island, 22 miles from New York City."
Wells College,https://www.collegexpress.com/college/wells-college/1100258/details/,"Aurora, NY","$30,300",64%,9:1,"Wells College, founded in 1868, is a private, coeducational, liberal arts college. Its 365-acre campus is located in Aurora, New York on the eastern shore of stunning Cayuga Lake."
Westchester Community College,https://www.collegexpress.com/college/westchester-community-college/3301002/details/,"Valhalla, NY","$4,580",,,"Westchester Community College, founded in 1946 is a public two year college. Its 218-acre campus is located in Valhalla, Westchester County in New York State."
Wilson Technological Center,https://www.collegexpress.com/college/wilson-technological-center/3302613/details/,"Dix Hills, NY",,,,"Wilson Technological Center, a division of Western Suffolk BOCES, is a public, coeducational, technical/professional institution. Its campus is located in Dix Hills, New York."
Yeshiva University,https://www.collegexpress.com/college/yeshiva-university/1100308/details/,"New York, NY","$43,575",67%,7:1,"Yeshiva University, founded in 1886, is a private, comprehensive university. Its facilities are located at three centers in Manhattan and one in the Bronx."
"York College, CUNY",https://www.collegexpress.com/college/york-college-cuny/1100520/details/,"Jamaica, NY","$6,930",52%,18:1,"Founded in 1966, York College is a public institution offering liberal arts and career education and is a member of the City University of New York school system. Its 50-acre campus is located in Jamaica."
